,name,team,apps,mins,goals,assists,xG,xA,xG90,xA90,league,year
0,Fabio Quagliarella,Sampdoria,37,3224,26,8,23.93,4.58,0.67,0.13,3,2018
1,Duván Zapata,Atalanta,37,2908,23,7,20.49,10.13,0.63,0.31,3,2018
2,Krzysztof Piatek,AC Milan,37,2974,22,0,17.77,3.07,0.54,0.09,3,2018
3,Cristiano Ronaldo,Genoa,31,2692,21,8,23.32,5.19,0.78,0.17,3,2018
4,Arkadiusz Milik,Juventus,35,2403,17,3,14.08,3.24,0.53,0.12,3,2018
5,Leonardo Pavoletti,Napoli,32,2748,16,1,12.38,1.58,0.41,0.05,3,2018
6,Dries Mertens,Cagliari,35,2245,16,11,12.38,9.39,0.5,0.38,3,2018
7,Andrea Petagna,Napoli,36,3060,16,1,14.78,2.01,0.43,0.06,3,2018
8,Francesco Caputo,SPAL 2013,38,3420,16,3,18.36,5.18,0.48,0.14,3,2018
9,Andrea Belotti,Empoli,37,3304,15,3,17.01,4.31,0.46,0.12,3,2018
10,Ciro Immobile,Lazio,36,2862,15,6,16.13,6.48,0.51,0.2,3,2018
11,Josip Ilicic,Atalanta,31,2156,12,7,10.77,7.92,0.45,0.33,3,2018
12,Stephan El Shaarawy,Roma,28,2115,11,3,8.62,5.50,0.37,0.23,3,2018
13,Gregoire Defrel,Sampdoria,36,2339,11,3,8.63,3.16,0.33,0.12,3,2018
14,Mauro Icardi,Inter,29,2266,11,4,15.23,3.90,0.6,0.16,3,2018
15,Gervinho,Parma Calcio 1913,30,2312,11,2,7.67,4.02,0.3,0.16,3,2018
16,Lorenzo Insigne,Napoli,28,2081,10,6,10.42,5.12,0.45,0.22,3,2018
17,Rodrigo de Paul,Udinese,36,3197,9,9,9.15,8.79,0.26,0.25,3,2018
18,Edin Dzeko,Roma,33,2575,9,6,15.17,4.33,0.53,0.15,3,2018
19,Mario Mandzukic,Juventus,25,2028,9,6,6.68,4.05,0.3,0.18,3,2018
20,Roberto Inglese,Parma Calcio 1913,25,1977,9,0,7.69,0.66,0.35,0.03,3,2018
21,Ivan Perisic,Inter,34,2714,8,3,10.42,6.95,0.35,0.23,3,2018
22,Aleksandar Kolarov,Roma,33,2904,8,2,4.58,6.51,0.14,0.2,3,2018
23,Domenico Berardi,Sassuolo,35,2887,8,4,9.03,5.24,0.28,0.16,3,2018
24,Felipe Caicedo,Lazio,28,1377,8,2,7.83,1.36,0.51,0.09,3,2018
25,Riccardo Orsolini,Bologna,35,1958,8,5,5.48,2.88,0.25,0.13,3,2018
26,Federico Santander,Bologna,32,2058,8,3,7.91,3.42,0.35,0.15,3,2018
27,Suso,AC Milan,35,3044,7,10,4.04,10.72,0.12,0.32,3,2018
28,Marco Benassi,Fiorentina,32,2319,7,1,5.96,1.85,0.23,0.07,3,2018
29,Federico Chiesa,Fiorentina,37,3038,7,3,9.37,5.67,0.28,0.17,3,2018
30,Khouma Babacar,Sassuolo,29,1486,7,2,8.07,1.27,0.49,0.08,3,2018
31,Franck Kessié,AC Milan,34,3030,7,2,7.74,2.90,0.23,0.09,3,2018
32,Alejandro Gomez,Atalanta,35,2930,7,11,9.06,11.32,0.28,0.35,3,2018
33,João Pedro,Cagliari,34,2590,7,2,8.50,3.36,0.3,0.12,3,2018
34,Diego Farias,Cagliari,32,1904,7,4,7.48,3.59,0.35,0.17,3,2018
35,Camillo Ciano,Empoli,33,2471,7,4,6.58,7.03,0.24,0.26,3,2018
36,Giovanni Simeone,Frosinone,36,2462,6,3,11.00,2.52,0.4,0.09,3,2018
37,Gianluca Caprari,Fiorentina,21,1033,6,2,2.38,1.34,0.21,0.12,3,2018
38,Iago Falque,Sampdoria,26,1639,6,4,6.28,3.03,0.34,0.17,3,2018
39,Luis Muriel,Torino,19,1443,6,0,3.63,1.33,0.23,0.08,3,2018
40,Radja Nainggolan,Inter,29,1967,6,3,3.78,3.62,0.17,0.17,3,2018
41,Gonzalo Higuaín,AC Milan,15,1282,6,1,7.02,1.61,0.49,0.11,3,2018
42,Moise Kean,Juventus,13,527,6,0,3.81,0.40,0.65,0.07,3,2018
43,Piotr Zielinski,Napoli,36,2895,6,2,5.68,5.65,0.18,0.18,3,2018
44,Erick Pulgar,Bologna,28,2366,6,2,4.70,2.80,0.18,0.11,3,2018
45,Jasmin Kurtic,SPAL 2013,30,2568,6,5,3.83,3.22,0.13,0.11,3,2018
46,Stefano Okaka,Udinese,16,970,6,1,2.89,1.02,0.27,0.09,3,2018
47,Kevin Lasagna,Udinese,36,2447,6,2,8.61,2.20,0.32,0.08,3,2018
48,Mariusz Stepinski,Chievo,35,2475,6,2,7.84,1.69,0.29,0.06,3,2018
49,Lautaro Martínez,Inter,27,1327,6,2,8.02,2.78,0.54,0.19,3,2018
50,Jordan Veretout,Fiorentina,33,2944,5,3,5.52,6.27,0.17,0.19,3,2018
51,Federico Fazio,Roma,34,2804,5,0,3.10,0.25,0.1,0.01,3,2018
52,Mario Pasalic,Atalanta,33,1596,5,3,4.54,1.58,0.26,0.09,3,2018
53,Keita,Inter,24,869,5,2,4.35,2.75,0.45,0.28,3,2018
54,Paulo Dybala,Juventus,30,2135,5,4,5.02,3.56,0.21,0.15,3,2018
55,Rade Krunic,Empoli,33,2791,5,7,4.87,7.07,0.16,0.23,3,2018
56,Matteo Politano,Inter,36,2594,5,6,4.93,6.26,0.17,0.22,3,2018
57,Roberto Gagliardini,Inter,19,1087,5,0,3.04,0.98,0.25,0.08,3,2018
58,Diego Perotti,Roma,13,666,5,0,3.62,2.71,0.49,0.37,3,2018
59,Sergej Milinkovic-Savic,Lazio,31,2416,5,3,6.05,4.73,0.23,0.18,3,2018
60,Joaquín Correa,Lazio,34,1903,5,6,8.55,6.37,0.4,0.3,3,2018
61,Daniel Ciofani,Frosinone,32,1621,5,2,4.87,1.54,0.27,0.09,3,2018
62,Fabián,Napoli,27,1983,5,4,4.01,4.76,0.18,0.22,3,2018
63,Andrea Pinamonti,Frosinone,27,1618,5,3,6.08,0.45,0.34,0.02,3,2018
64,Hans Hateboer,Atalanta,35,2975,5,5,5.45,5.20,0.17,0.16,3,2018
65,Gianluca Mancini,Atalanta,30,2252,5,2,4.66,1.48,0.19,0.06,3,2018
66,Mirco Antenucci,SPAL 2013,35,2101,5,0,6.36,1.88,0.27,0.08,3,2018
67,Giovanni Di Lorenzo,Empoli,37,3330,5,3,4.04,5.02,0.11,0.14,3,2018
68,Emre Can,Juventus,29,1798,4,1,2.89,2.54,0.14,0.13,3,2018
69,Gastón Ramírez,Sampdoria,27,1597,4,4,2.00,3.59,0.11,0.2,3,2018
70,Armando Izzo,Torino,37,3279,4,1,2.57,1.04,0.07,0.03,3,2018
71,Goran Pandev,Genoa,26,1123,4,2,3.16,1.56,0.25,0.12,3,2018
72,Andrea Poli,Bologna,30,1965,4,1,3.24,0.96,0.15,0.04,3,2018
73,Juraj Kucka,Parma Calcio 1913,18,1535,4,3,2.47,1.83,0.14,0.11,3,2018
74,Bryan Cristante,Roma,35,2414,4,3,3.33,2.98,0.12,0.11,3,2018
75,Daniele Baselli,Torino,34,2404,4,1,2.30,3.63,0.09,0.14,3,2018
76,Senad Lulic,Lazio,35,2941,4,1,2.70,4.65,0.08,0.14,3,2018
77,Marco Parolo,Lazio,34,2567,4,3,5.13,4.02,0.18,0.14,3,2018
78,Luis Alberto,Lazio,27,2018,4,5,4.03,5.99,0.18,0.27,3,2018
79,Sergio Pellissier,Chievo,19,959,4,1,5.46,1.91,0.51,0.18,3,2018
80,Gianmarco Ferrari,Sassuolo,31,2790,4,0,2.41,0.26,0.08,0.01,3,2018
81,Manolo Gabbiadini,Sampdoria,18,805,4,2,2.11,1.16,0.24,0.13,3,2018
82,Bruno Alves,Parma Calcio 1913,33,2924,4,1,2.16,1.08,0.07,0.03,3,2018
83,Alfred Duncan,Sassuolo,26,1848,4,4,1.04,3.17,0.05,0.15,3,2018
84,Mattia Destro,Bologna,17,478,4,1,3.03,0.69,0.57,0.13,3,2018
85,Simone Zaza,Torino,29,1403,4,3,6.37,0.82,0.41,0.05,3,2018
86,Kevin-Prince Boateng,Sassuolo,13,945,4,1,4.00,0.63,0.38,0.06,3,2018
87,Samu Castillejo,AC Milan,31,989,4,2,1.81,1.83,0.16,0.17,3,2018
88,Timothy Castagne,Atalanta,28,1991,4,2,3.09,2.68,0.14,0.12,3,2018
89,Nicolo Zaniolo,Roma,27,1771,4,2,4.79,1.91,0.24,0.1,3,2018
90,Ignacio Pussetto,Udinese,35,2181,4,4,6.60,2.17,0.27,0.09,3,2018
91,Christian Kouamé,Genoa,38,3079,4,5,7.38,5.06,0.22,0.15,3,2018
92,Hakan Calhanoglu,AC Milan,36,2913,3,6,5.54,6.49,0.17,0.2,3,2018
93,Emanuele Giaccherini,Chievo,26,2005,3,1,2.73,3.48,0.12,0.16,3,2018
94,Tomás Rincón,Torino,34,2814,3,1,0.97,1.16,0.03,0.04,3,2018
95,Darko Lazovic,Genoa,33,2561,3,4,2.22,3.69,0.08,0.13,3,2018
96,Giacomo Bonaventura,AC Milan,8,657,3,1,2.87,0.42,0.39,0.06,3,2018
97,Felipe,SPAL 2013,30,2371,3,2,2.84,1.24,0.11,0.05,3,2018
98,Karol Linetty,Sampdoria,32,2539,3,3,2.04,3.31,0.07,0.12,3,2018
99,Patrik Schick,Roma,24,1316,3,0,5.99,1.81,0.41,0.12,3,2018
100,Alessandro Florenzi,Roma,29,2187,3,2,1.91,5.08,0.08,0.21,3,2018
101,Gerson,Fiorentina,36,2435,3,3,2.64,2.91,0.1,0.11,3,2018
102,Leonardo Bonucci,Juventus,29,2471,3,0,2.17,1.07,0.08,0.04,3,2018
103,Riccardo Meggiorini,Chievo,24,1553,3,1,3.52,1.43,0.2,0.08,3,2018
104,José Callejón,Napoli,34,2657,3,10,6.76,9.30,0.23,0.31,3,2018
105,Matías Vecino,Inter,30,2027,3,1,6.32,1.68,0.28,0.07,3,2018
106,Simone Verdi,Napoli,22,692,3,3,3.11,1.63,0.4,0.21,3,2018
107,Sergio Floccari,SPAL 2013,20,975,3,1,2.28,0.41,0.21,0.04,3,2018
108,Francesco Acerbi,Lazio,37,3311,3,1,3.83,0.91,0.1,0.02,3,2018
109,Lorenzo Pellegrini,Roma,25,1829,3,3,4.45,4.80,0.22,0.24,3,2018
110,Cristian Ansaldi,Torino,24,1826,3,2,1.18,3.29,0.06,0.16,3,2018
111,Rodrigo Palacio,Bologna,28,2343,3,6,5.35,4.16,0.21,0.16,3,2018
112,Artur Ionita,Cagliari,37,3008,3,2,3.16,1.16,0.09,0.03,3,2018
113,Mohamed Fares,SPAL 2013,35,2946,3,0,2.31,2.30,0.07,0.07,3,2018
114,Antonio Sanabria,Genoa,15,765,3,0,4.37,0.31,0.51,0.04,3,2018
115,Adam Ounas,Napoli,18,523,3,0,1.71,2.30,0.29,0.4,3,2018
116,Javier Pastore,Roma,14,593,3,0,2.79,1.27,0.42,0.19,3,2018
117,Blaise Matuidi,Juventus,31,2445,3,2,1.61,1.76,0.06,0.06,3,2018
118,Jeremie Boga,Sassuolo,25,1439,3,1,3.32,0.92,0.21,0.06,3,2018
119,Rolando Mandragora,Udinese,35,2922,3,2,1.45,1.90,0.04,0.06,3,2018
120,Patrick Cutrone,AC Milan,34,1408,3,2,3.29,1.76,0.21,0.11,3,2018
121,Miha Zajc,Empoli,20,1165,3,2,4.96,2.74,0.38,0.21,3,2018
122,Robin Gosens,Atalanta,28,1953,3,2,2.26,3.09,0.1,0.14,3,2018
123,Cengiz Ünder,Roma,26,1377,3,7,3.08,4.07,0.2,0.27,3,2018
124,Nikola Milenkovic,Fiorentina,34,3009,3,0,2.66,0.19,0.08,0.01,3,2018
125,Emiliano Rigoni,Atalanta,12,512,3,0,2.05,0.40,0.36,0.07,3,2018
126,Antonino Barillà,Parma Calcio 1913,31,2630,3,2,3.58,2.03,0.12,0.07,3,2018
127,Amin Younes,Napoli,12,503,3,2,2.23,0.95,0.4,0.17,3,2018
128,Kevin Mirallas,Fiorentina,27,1304,2,1,3.61,1.51,0.25,0.1,3,2018
129,Alberto Paloschi,SPAL 2013,23,835,2,0,2.70,0.61,0.29,0.07,3,2018
130,Fabio Borini,AC Milan,20,1047,2,2,2.60,1.13,0.22,0.1,3,2018
131,Luca Rigoni,Parma Calcio 1913,23,1774,2,1,3.11,0.61,0.16,0.03,3,2018
132,Alessio Romagnoli,AC Milan,32,2850,2,0,0.76,0.21,0.02,0.01,3,2018
133,Manuel Locatelli,Sassuolo,29,1849,2,4,2.22,3.69,0.11,0.18,3,2018
134,Samir,Udinese,21,1806,2,0,1.05,1.59,0.05,0.08,3,2018
135,Seko Fofana,Udinese,31,2649,2,4,2.94,3.48,0.1,0.12,3,2018
136,Afriyie Acquah,Empoli,28,1513,2,0,1.38,0.92,0.08,0.05,3,2018
137,Lorenzo De Silvestri,Torino,32,2443,2,4,2.53,2.73,0.09,0.1,3,2018
138,Danilo Cataldi,Lazio,12,568,2,1,0.61,1.33,0.1,0.21,3,2018
139,Matías Silvestre,Empoli,34,3060,2,0,1.17,0.45,0.03,0.01,3,2018
140,Filip Djuricic,Sassuolo,23,1276,2,1,1.42,1.36,0.1,0.1,3,2018
141,Dennis Praet,Sampdoria,34,2905,2,3,2.30,4.42,0.07,0.14,3,2018
142,Miralem Pjanic,Juventus,31,2297,2,6,1.17,5.36,0.05,0.21,3,2018
143,Sami Khedira,Juventus,10,722,2,1,2.70,1.12,0.34,0.14,3,2018
144,Daniele Rugani,Juventus,15,1350,2,0,1.73,0.00,0.12,0.0,3,2018
145,Riccardo Saponara,Sampdoria,22,905,2,4,1.78,2.36,0.18,0.23,3,2018
146,Perparim Hetemaj,Chievo,30,2163,2,0,0.57,1.11,0.02,0.05,3,2018
147,Valter Birsa,Cagliari,29,1446,2,2,2.13,2.72,0.13,0.17,3,2018
148,Kalidou Koulibaly,Chievo,35,3137,2,2,3.07,0.33,0.09,0.01,3,2018
149,Federico Bernardeschi,Napoli,28,1472,2,3,3.67,4.03,0.22,0.25,3,2018
150,Federico Di Francesco,Sassuolo,19,1088,2,2,3.56,1.08,0.29,0.09,3,2018
151,Ibrahima Mbaye,Bologna,23,2008,2,0,2.87,0.19,0.13,0.01,3,2018
152,Pol Lirola,Sassuolo,35,2973,2,6,1.35,6.52,0.04,0.2,3,2018
153,Stefano Sensi,Sassuolo,28,1979,2,4,1.85,4.41,0.08,0.2,3,2018
154,Alessandro Matri,Sassuolo,19,584,2,0,3.50,0.34,0.54,0.05,3,2018
155,Remo Freuler,Atalanta,35,3043,2,6,3.27,4.28,0.1,0.13,3,2018
156,Marcelo Brozovic,Inter,32,2662,2,1,0.78,4.18,0.03,0.14,3,2018
157,Danilo D'Ambrosio,Inter,30,2582,2,5,2.15,5.70,0.08,0.2,3,2018
158,Sasa Lukic,Torino,24,971,2,0,1.55,0.83,0.14,0.08,3,2018
159,Stefan de Vrij,Inter,28,2520,2,0,2.28,0.56,0.08,0.02,3,2018
160,Marko Pajac,Cagliari,13,842,2,2,0.40,1.47,0.04,0.16,3,2018
161,Edimilson Fernandes,Empoli,29,1981,2,0,1.20,1.38,0.05,0.06,3,2018
162,Marten de Roon,Fiorentina,35,2978,2,3,1.79,1.87,0.05,0.06,3,2018
163,Roberto Soriano,Atalanta,28,1969,2,4,4.11,2.74,0.19,0.13,3,2018
164,Nicola Sansone,Bologna,15,1148,2,4,1.80,2.99,0.14,0.23,3,2018
165,Luca Paganini,Torino,14,1118,2,0,2.22,0.29,0.18,0.02,3,2018
166,Francesco Cassata,Bologna,19,1136,2,2,0.63,0.58,0.05,0.05,3,2018
167,Antonio La Gumina,Frosinone,22,1094,2,2,4.16,0.60,0.34,0.05,3,2018
168,Germán Pezzella,Frosinone,32,2855,2,1,2.23,0.80,0.07,0.03,3,2018
169,Domenico Criscito,Empoli,35,3070,2,4,1.63,4.01,0.05,0.12,3,2018
170,Nicolas N'Koulou,Torino,36,3216,2,0,1.18,0.08,0.03,0.0,3,2018
171,Soualiho Meité,Torino,35,2666,2,4,1.03,2.05,0.03,0.07,3,2018
172,Mattia Valoti,SPAL 2013,24,1230,2,0,1.52,0.34,0.11,0.03,3,2018
173,Kevin Bonifazi,SPAL 2013,27,2307,2,1,0.55,0.30,0.02,0.01,3,2018
174,Luca Valzania,Atalanta,15,983,2,1,1.57,1.93,0.14,0.18,3,2018
175,Alex Berenguer,Frosinone,31,1469,2,3,1.00,3.66,0.06,0.22,3,2018
176,Rodrigo Bentancur,Torino,31,1983,2,3,1.80,2.19,0.08,0.1,3,2018
177,Francesco Vicari,Juventus,28,2345,2,1,0.23,0.49,0.01,0.02,3,2018
178,Fabio Ceravolo,SPAL 2013,25,1178,2,0,3.84,0.63,0.29,0.05,3,2018
179,Hamed Junior Traore,Parma Calcio 1913,32,2281,2,2,2.76,3.06,0.11,0.12,3,2018
180,Cristian Romero,Genoa,27,2341,2,2,2.22,0.44,0.09,0.02,3,2018
181,Merih Demiral,Sassuolo,14,1260,2,0,1.05,0.48,0.07,0.03,3,2018
182,Douglas Costa,Juventus,17,615,1,0,0.77,2.06,0.11,0.3,3,2018
183,Valon Behrami,Udinese,19,1381,1,0,0.93,0.20,0.06,0.01,3,2018
184,Ola Aina,Torino,30,2161,1,3,1.60,2.97,0.07,0.12,3,2018
185,Juan Cuadrado,Juventus,18,1218,1,2,1.78,2.25,0.13,0.17,3,2018
186,Gianluca Lapadula,Genoa,8,397,1,0,2.61,0.15,0.59,0.03,3,2018
187,Danilo,Bologna,35,3083,1,0,1.03,1.04,0.03,0.03,3,2018
188,Emil Hallfredsson,Frosinone,9,525,1,0,0.03,0.08,0.01,0.01,3,2018
189,Cristiano Biraghi,Udinese,36,3198,1,4,1.35,5.73,0.04,0.16,3,2018
190,Joel Obi,Chievo,11,670,1,0,1.00,1.15,0.13,0.15,3,2018
191,Filip Djordjevic,Chievo,13,626,1,1,3.50,0.71,0.5,0.1,3,2018
192,Kostas Manolas,Roma,27,2331,1,1,1.52,0.37,0.06,0.01,3,2018
193,Juan Jesus,Roma,20,1396,1,0,0.88,0.02,0.06,0.0,3,2018
194,Daniele De Rossi,Roma,18,1279,1,1,1.50,1.47,0.11,0.1,3,2018
195,Edoardo Goldaniga,Frosinone,29,2610,1,1,2.11,0.76,0.07,0.03,3,2018
196,Oscar Hiljemark,Genoa,17,1218,1,0,1.14,0.67,0.08,0.05,3,2018
197,Alex Sandro,Juventus,31,2394,1,2,1.74,2.90,0.07,0.11,3,2018
198,Stefano Sturaro,Genoa,5,213,1,0,0.11,0.42,0.05,0.18,3,2018
199,Manuel Pasqual,Empoli,22,1340,1,2,0.99,2.25,0.07,0.15,3,2018
200,Federico Dimarco,Parma Calcio 1913,13,889,1,0,0.48,0.98,0.05,0.1,3,2018
201,Lucas Castro,Cagliari,12,895,1,3,0.51,2.48,0.05,0.25,3,2018
202,Allan,Napoli,33,2617,1,3,0.93,2.85,0.03,0.1,3,2018
203,Faouzi Ghoulam,Napoli,16,1162,1,3,1.14,3.02,0.09,0.23,3,2018
204,Marko Rog,Napoli,9,328,1,0,0.22,0.00,0.06,0.0,3,2018
205,Lorenzo Tonelli,Sampdoria,19,1655,1,0,0.49,0.01,0.03,0.0,3,2018
206,Fabio Pisacane,Cagliari,27,2267,1,1,0.90,1.18,0.04,0.05,3,2018
207,Marco Sau,Cagliari,19,582,1,0,0.82,0.36,0.13,0.06,3,2018
208,Nicolò Barella,Sampdoria,35,3118,1,3,2.52,3.14,0.07,0.09,3,2018
209,Milan Badelj,Cagliari,23,1136,1,0,0.62,0.43,0.05,0.03,3,2018
210,Sebastien De Maio,Bologna,22,1669,1,1,1.17,0.23,0.06,0.01,3,2018
211,Nenad Tomovic,Udinese,10,738,1,0,0.51,0.04,0.06,0.01,3,2018
212,Blerim Dzemaili,Chievo,28,1747,1,1,1.82,1.61,0.09,0.08,3,2018
213,Federico Peluso,Bologna,16,1355,1,0,0.58,0.00,0.04,0.0,3,2018
214,Claud Adjapong,Sassuolo,5,270,1,0,0.80,0.05,0.27,0.02,3,2018
215,Cristian Dell'Orco,Sassuolo,15,1145,1,1,0.69,0.62,0.05,0.05,3,2018
216,Marcello Gazzola,Empoli,20,907,1,0,0.94,0.45,0.09,0.04,3,2018
217,Rafael Toloi,Sassuolo,21,1751,1,3,1.67,2.45,0.09,0.13,3,2018
218,João Mário,Parma Calcio 1913,20,1081,1,2,1.13,1.88,0.09,0.16,3,2018
219,Antonio Candreva,Atalanta,18,480,1,0,1.95,1.17,0.36,0.22,3,2018
220,Federico Mattiello,Bologna,17,1334,1,1,0.77,1.41,0.05,0.09,3,2018
221,Luca Ceppitelli,Cagliari,24,2053,1,1,2.71,0.91,0.12,0.04,3,2018
222,Bostjan Cesar,Chievo,14,1074,1,0,0.19,0.01,0.02,0.0,3,2018
223,Davide Calabria,AC Milan,26,1955,1,1,0.48,2.09,0.02,0.1,3,2018
224,Giorgio Chiellini,Juventus,25,1993,1,1,1.09,0.39,0.05,0.02,3,2018
225,Marko Pjaca,Fiorentina,19,737,1,1,1.59,1.01,0.19,0.12,3,2018
226,Raúl Albiol,Napoli,20,1712,1,0,0.18,0.75,0.01,0.04,3,2018
227,Lucas Biglia,AC Milan,16,1112,1,0,0.24,0.39,0.02,0.03,3,2018
228,Bastos,Lazio,18,1133,1,0,0.64,0.04,0.05,0.0,3,2018
229,Mário Rui,Napoli,20,1414,1,1,0.63,2.16,0.04,0.14,3,2018
230,Luca Siligardi,Parma Calcio 1913,29,1653,1,2,2.31,2.39,0.13,0.13,3,2018
231,Rômulo,Genoa,27,2141,1,3,2.04,3.03,0.09,0.13,3,2018
232,Paolo Sammarco,Lazio,8,559,1,0,0.19,0.19,0.03,0.03,3,2018
233,Federico Dionisi,Frosinone,9,191,1,0,0.54,0.43,0.25,0.2,3,2018
234,Raman Chibsah,Frosinone,32,2631,1,0,3.29,0.54,0.11,0.02,3,2018
235,Matteo Brighi,Frosinone,10,218,1,0,0.64,0.14,0.27,0.06,3,2018
236,Berat Gjimshiti,Empoli,24,1804,1,2,0.50,1.43,0.03,0.07,3,2018
237,Salih Ucan,Atalanta,14,238,1,1,0.97,0.78,0.37,0.3,3,2018
238,Paolo Ghiglione,Empoli,9,513,1,0,0.52,0.54,0.09,0.1,3,2018
239,João Cancelo,Frosinone,25,1969,1,3,1.86,3.96,0.09,0.18,3,2018
240,Steven N'Zonzi,Roma,30,2619,1,2,2.01,1.94,0.07,0.07,3,2018
241,Mateo Musacchio,AC Milan,29,2610,1,0,2.14,0.47,0.07,0.02,3,2018
242,Bryan Dabo,Fiorentina,23,795,1,1,0.91,0.67,0.1,0.08,3,2018
243,Tiemoué Bakayoko,AC Milan,31,2294,1,1,1.86,1.33,0.07,0.05,3,2018
244,Arturo Calabresi,Bologna,18,1410,1,0,0.41,0.27,0.03,0.02,3,2018
245,José Luis Palomino,Atalanta,30,2264,1,1,1.01,0.75,0.04,0.03,3,2018
246,Paolo Faragò,Cagliari,26,1687,1,1,1.92,1.83,0.1,0.1,3,2018
247,Alessandro Bastoni,Parma Calcio 1913,24,1676,1,0,0.66,0.29,0.04,0.02,3,2018
248,Emanuel Vignato,Chievo,10,668,1,1,0.44,0.39,0.06,0.05,3,2018
249,Marlon Santos,Sassuolo,18,1511,1,0,0.55,0.06,0.03,0.0,3,2018
250,Lukas Lerager,Genoa,14,1124,1,0,1.43,1.15,0.11,0.09,3,2018
251,Daniel Bessa,Genoa,34,2436,1,3,3.27,2.68,0.12,0.1,3,2018
252,Adam Marusic,Lazio,26,2120,1,1,0.98,1.34,0.04,0.06,3,2018
253,Luiz Felipe,Lazio,17,1294,1,1,0.37,0.70,0.03,0.05,3,2018
254,Dawid Kownacki,Sampdoria,13,145,1,1,1.76,0.68,1.09,0.42,3,2018
255,Enrico Brignola,Sassuolo,7,169,1,0,0.67,0.10,0.35,0.06,3,2018
256,Bram Nuytinck,Udinese,27,2127,1,0,0.11,0.23,0.0,0.01,3,2018
257,Lyanco,Bologna,15,1215,1,0,0.39,0.35,0.03,0.03,3,2018
258,Jens Stryger Larsen,Torino,36,3240,1,4,1.93,2.51,0.05,0.07,3,2018
259,Rogerio,Udinese,33,2668,1,2,2.67,2.47,0.09,0.08,3,2018
260,Musa Barrow,Atalanta,22,575,1,2,3.11,1.46,0.49,0.23,3,2018
261,Justin Kluivert,Roma,29,1330,1,6,1.47,2.79,0.1,0.19,3,2018
262,Mitchell Dijks,Bologna,25,2029,1,0,0.28,0.95,0.01,0.04,3,2018
263,Samuel Mráz,Empoli,6,163,1,0,0.64,0.35,0.35,0.2,3,2018
264,Mattia Sprocati,Parma Calcio 1913,16,626,1,0,0.50,0.79,0.07,0.11,3,2018
265,Lukasz Teodorczyk,Udinese,16,380,1,0,2.71,0.09,0.64,0.02,3,2018
266,Mehdi Bourabia,Sassuolo,32,2006,1,0,1.98,2.97,0.09,0.13,3,2018
267,Lucas Paquetá,AC Milan,13,861,1,1,1.39,0.83,0.15,0.09,3,2018
268,Ragnar Klavan,Cagliari,15,1234,0,0,0.05,0.42,0.0,0.03,3,2018
269,Johan Djourou,SPAL 2013,5,274,0,0,0.26,0.00,0.08,0.0,3,2018
270,Ricardo Rodríguez,AC Milan,35,3056,0,3,0.46,1.32,0.01,0.04,3,2018
271,Medhi Benatia,Juventus,5,450,0,0,0.11,0.00,0.02,0.0,3,2018
272,Albin Ekdal,Sampdoria,32,2660,0,0,0.72,0.93,0.02,0.03,3,2018
273,Lucas Leiva,Lazio,27,1986,0,2,0.47,2.27,0.02,0.1,3,2018
274,David Ospina,Napoli,17,1457,0,0,0.00,0.00,0.0,0.0,3,2018
275,Joel Campbell,Frosinone,17,892,0,3,0.61,1.57,0.06,0.16,3,2018
276,Sandro,Genoa,25,1313,0,1,0.35,0.79,0.02,0.05,3,2018
277,Cédric Soares,Udinese,4,261,0,1,0.16,0.38,0.06,0.13,3,2018
278,Mattia Perin,Inter,9,810,0,0,0.00,0.00,0.0,0.0,3,2018
279,Miguel Veloso,Juventus,21,1267,0,1,0.90,1.63,0.06,0.12,3,2018
280,Diego Laxalt,AC Milan,20,634,0,0,1.69,0.87,0.24,0.12,3,2018
281,Davide Biraschi,Genoa,34,2848,0,0,0.47,1.02,0.01,0.03,3,2018
282,Gianluigi Donnarumma,AC Milan,36,3091,0,0,0.00,0.04,0.0,0.0,3,2018
283,Mattia De Sciglio,Juventus,22,1738,0,1,0.19,1.57,0.01,0.08,3,2018
284,Cristian Zapata,AC Milan,13,1025,0,0,0.16,0.57,0.01,0.05,3,2018
285,Ignazio Abate,AC Milan,19,1315,0,0,0.14,0.33,0.01,0.02,3,2018
286,Orestis Karnezis,Napoli,9,810,0,0,0.00,0.00,0.0,0.0,3,2018
287,Jakub Jankto,Sampdoria,25,915,0,0,2.04,0.79,0.2,0.08,3,2018
288,Cyril Théréau,Cagliari,7,150,0,0,0.12,0.00,0.07,0.0,3,2018
289,Emmanuel Badu,Fiorentina,4,163,0,0,0.09,0.01,0.05,0.01,3,2018
290,Stipe Perica,Frosinone,7,471,0,0,0.88,0.00,0.17,0.0,3,2018
291,Andrija Balic,Udinese,4,20,0,0,0.02,0.06,0.08,0.27,3,2018
292,Ali Adnan,Atalanta,3,165,0,0,0.21,0.10,0.12,0.05,3,2018
293,Simone Scuffet,Udinese,9,810,0,0,0.00,0.00,0.0,0.0,3,2018
294,Molla Wagué,Udinese,2,91,0,0,0.37,0.00,0.37,0.0,3,2018
295,Francesco Zampano,Frosinone,27,2107,0,1,0.76,0.72,0.03,0.03,3,2018
296,Luca Rossettini,Chievo,21,1822,0,0,0.27,0.09,0.01,0.0,3,2018
297,Mirko Valdifiori,SPAL 2013,15,668,0,1,0.21,1.61,0.03,0.22,3,2018
298,Adem Ljajic,Torino,1,27,0,0,0.07,0.00,0.22,0.0,3,2018
299,Emiliano Moretti,Torino,24,2015,0,0,0.01,0.09,0.0,0.0,3,2018
300,Federico Marchetti,Genoa,4,360,0,0,0.00,0.00,0.0,0.0,3,2018
301,Wallace,Lazio,16,1234,0,0,1.11,0.21,0.08,0.01,3,2018
302,Patric,Lazio,15,1078,0,0,1.33,0.88,0.11,0.07,3,2018
303,Alessandro Murgia,Lazio,16,1082,0,3,0.83,1.52,0.07,0.13,3,2018
304,Thomas Strakosha,SPAL 2013,35,3150,0,0,0.00,0.00,0.0,0.0,3,2018
305,Jacopo Sala,Lazio,21,1520,0,1,0.25,1.57,0.01,0.09,3,2018
306,Milan Skriniar,Sampdoria,35,3150,0,1,1.56,0.27,0.04,0.01,3,2018
307,Vasco Regini,Inter,4,75,0,0,0.00,0.00,0.0,0.0,3,2018
308,Edgar Barreto,SPAL 2013,12,779,0,2,1.00,1.63,0.12,0.19,3,2018
309,Luca Cigarini,Sampdoria,25,1697,0,1,0.43,2.98,0.02,0.16,3,2018
310,Pedro Pereira,Genoa,26,1379,0,0,0.07,1.36,0.0,0.09,3,2018
311,Luka Krajnc,Frosinone,9,792,0,0,0.14,0.08,0.02,0.01,3,2018
312,Wojciech Szczesny,Juventus,28,2520,0,0,0.00,0.00,0.0,0.0,3,2018
313,Kevin Strootman,Roma,1,90,0,0,0.00,0.13,0.0,0.13,3,2018
314,Thiago Cionek,SPAL 2013,31,2556,0,3,1.18,1.53,0.04,0.05,3,2018
315,Giuseppe Pezzella,Genoa,9,290,0,0,0.03,0.24,0.01,0.07,3,2018
316,Andrea Barzagli,Udinese,7,260,0,0,0.00,0.00,0.0,0.0,3,2018
317,Emil Audero,Juventus,36,3240,0,0,0.00,0.04,0.0,0.0,3,2018
318,Lukasz Skorupski,Sampdoria,38,3420,0,0,0.00,0.00,0.0,0.0,3,2018
319,Vincent Laurini,Bologna,15,931,0,0,0.10,0.49,0.01,0.05,3,2018
320,José Mauri,AC Milan,5,207,0,0,0.08,0.16,0.04,0.07,3,2018
321,Frederic Veseli,Empoli,31,2535,0,0,0.68,0.39,0.02,0.01,3,2018
322,Manuel Pucciarelli,Chievo,10,291,0,0,0.02,0.01,0.01,0.0,3,2018
323,Levan Mchedlidze,Empoli,11,180,0,1,0.12,0.11,0.06,0.05,3,2018
324,Federico Barba,Chievo,30,2481,0,0,0.98,1.48,0.04,0.05,3,2018
325,Raffaele Maiello,Frosinone,29,2046,0,0,0.28,1.37,0.01,0.06,3,2018
326,Assane Diousse,Chievo,14,885,0,0,0.13,0.19,0.01,0.02,3,2018
327,Matheus Pereira,Juventus,3,91,0,0,0.13,0.05,0.13,0.05,3,2018
328,Stefano Sorrentino,Chievo,31,2790,0,0,0.00,0.02,0.0,0.0,3,2018
329,Fabrizio Cacciatore,Cagliari,14,1080,0,2,0.13,1.87,0.01,0.16,3,2018
330,Massimo Gobbi,Parma Calcio 1913,16,1178,0,1,0.15,0.71,0.01,0.05,3,2018
331,Nicola Rigoni,Chievo,24,1966,0,1,1.93,0.26,0.09,0.01,3,2018
332,Ivan Radovanovic,Chievo,35,2989,0,0,0.84,0.68,0.03,0.02,3,2018
333,Nicolás Spolli,Genoa,7,542,0,0,0.17,0.40,0.03,0.07,3,2018
334,Nicolas Frey,Genoa,5,224,0,0,0.00,0.02,0.0,0.01,3,2018
335,Andrea Seculin,Chievo,2,91,0,0,0.00,0.00,0.0,0.0,3,2018
336,Vittorio Parigini,Chievo,17,333,0,0,0.82,1.20,0.22,0.32,3,2018
337,Lorenzo Crisetig,Torino,8,508,0,0,0.00,0.05,0.0,0.01,3,2018
338,Leonardo Capezzi,Frosinone,12,779,0,0,0.34,0.12,0.04,0.01,3,2018
339,Diego Falcinelli,Empoli,16,702,0,1,1.67,0.57,0.21,0.07,3,2018
340,Marcello Trotta,Frosinone,13,393,0,0,0.74,0.48,0.17,0.11,3,2018
341,Federico Ceccherini,Sassuolo,15,987,0,0,0.07,0.39,0.01,0.04,3,2018
342,José Reina,Fiorentina,4,329,0,0,0.00,0.00,0.0,0.0,3,2018
343,Elseid Hysaj,AC Milan,27,2113,0,2,0.68,0.66,0.03,0.03,3,2018
344,Nikola Maksimovic,Napoli,17,1375,0,0,0.08,0.14,0.0,0.01,3,2018
345,Amadou Diawara,Napoli,13,655,0,0,0.29,0.14,0.04,0.02,3,2018
346,Marek Hamsik,Napoli,13,923,0,0,0.42,0.58,0.04,0.06,3,2018
347,Rafael Cabral,Napoli,2,180,0,0,0.00,0.00,0.0,0.0,3,2018
348,Luigi Sepe,Sampdoria,37,3330,0,0,0.00,0.06,0.0,0.0,3,2018
349,Vlad Chiriches,Parma Calcio 1913,3,148,0,0,0.25,0.00,0.15,0.0,3,2018
350,Bartosz Salamon,Frosinone,20,1724,0,0,0.71,0.05,0.04,0.0,3,2018
351,Nicola Murru,Sampdoria,35,2941,0,5,0.31,3.81,0.01,0.12,3,2018
352,Simone Padoin,Cagliari,30,1913,0,2,0.11,1.08,0.01,0.05,3,2018
353,Marco Capuano,Frosinone,27,2323,0,0,0.70,0.28,0.03,0.01,3,2018
354,Gianni Munari,Parma Calcio 1913,1,1,0,0,0.00,0.00,0.0,0.0,3,2018
355,Daniele Dessena,Cagliari,11,338,0,0,0.58,0.10,0.15,0.03,3,2018
356,Borja Valero,Inter,27,1215,0,1,0.47,1.19,0.03,0.09,3,2018
357,Domenico Maietta,Empoli,21,1723,0,0,0.20,0.16,0.01,0.01,3,2018
358,Filip Helander,Bologna,20,1711,0,0,0.64,0.16,0.03,0.01,3,2018
359,Ádám Nagy,Bologna,14,968,0,0,0.10,0.47,0.01,0.04,3,2018
360,Ladislav Krejci,Bologna,18,1055,0,3,0.44,2.48,0.04,0.21,3,2018
361,Godfred Donsah,Bologna,6,144,0,0,0.11,0.01,0.07,0.01,3,2018
362,Alex Ferrari,Sampdoria,6,540,0,0,0.00,0.00,0.0,0.0,3,2018
363,Alfred Gomis,SPAL 2013,20,1722,0,0,0.00,0.00,0.0,0.0,3,2018
364,Federico Viviani,Frosinone,5,342,0,0,0.11,0.14,0.03,0.04,3,2018
365,Andrea Consigli,Sassuolo,36,3216,0,0,0.00,0.00,0.0,0.0,3,2018
366,Francesco Magnanelli,Sassuolo,26,1869,0,0,0.21,0.16,0.01,0.01,3,2018
367,Luca Mazzitelli,Genoa,10,311,0,0,0.44,0.07,0.13,0.02,3,2018
368,Gianluca Pegolo,Sassuolo,3,200,0,0,0.00,0.00,0.0,0.0,3,2018
369,Etrit Berisha,Atalanta,18,1620,0,0,0.00,0.00,0.0,0.0,3,2018
370,Andrea Masiello,Atalanta,24,1852,0,2,1.08,0.66,0.05,0.03,3,2018
371,Andrea Conti,AC Milan,12,492,0,2,0.00,1.36,0.0,0.25,3,2018
372,Ervin Zukanovic,Genoa,25,1959,0,0,1.18,0.30,0.05,0.01,3,2018
373,Leonardo Spinazzola,Juventus,10,598,0,1,0.34,0.83,0.05,0.12,3,2018
374,Marco Sportiello,Frosinone,35,3150,0,0,0.00,0.00,0.0,0.0,3,2018
375,Marco D'Alessandro,Udinese,24,1500,0,2,1.05,1.49,0.06,0.09,3,2018
376,Alberto Grassi,Parma Calcio 1913,7,460,0,0,0.88,0.15,0.17,0.03,3,2018
377,Samir Handanovic,Inter,38,3420,0,0,0.00,0.00,0.0,0.0,3,2018
378,Miranda,Inter,14,1172,0,0,0.23,0.09,0.02,0.01,3,2018
379,Davide Santon,Roma,17,1001,0,1,0.13,0.66,0.01,0.06,3,2018
380,Andrea Ranocchia,Inter,4,51,0,0,0.10,0.00,0.18,0.0,3,2018
381,Emiliano Viviano,SPAL 2013,17,1527,0,0,0.00,0.03,0.0,0.0,3,2018
382,Giancarlo Gonzalez,Bologna,12,744,0,1,0.13,0.98,0.02,0.12,3,2018
383,Stefan Radu,Lazio,28,2262,0,1,0.52,1.11,0.02,0.04,3,2018
384,Bartlomiej Dragowski,Empoli,17,1484,0,0,0.00,0.00,0.0,0.0,3,2018
385,Filippo Costa,Fiorentina,9,557,0,0,0.29,0.42,0.05,0.07,3,2018
386,Jordan Lukaku,SPAL 2013,7,169,0,0,0.00,0.05,0.0,0.03,3,2018
387,Kwadwo Asamoah,Lazio,32,2672,0,1,0.16,1.83,0.01,0.06,3,2018
388,Luca Antonelli,Inter,13,766,0,1,0.28,0.68,0.03,0.08,3,2018
389,Cristian Molinaro,Empoli,14,1159,0,0,0.02,0.83,0.0,0.06,3,2018
390,Jonathan Biabiany,Parma Calcio 1913,18,1072,0,0,0.51,1.16,0.04,0.1,3,2018
391,Simone Missiroli,SPAL 2013,34,2762,0,0,0.48,1.21,0.02,0.04,3,2018
392,Salvador Ichazo,Torino,3,251,0,0,0.00,0.00,0.0,0.0,3,2018
393,Antonio Mirante,Roma,11,990,0,0,0.00,0.00,0.0,0.0,3,2018
394,Fabio Depaoli,Chievo,33,2468,0,4,1.56,3.46,0.06,0.13,3,2018
395,Alessandro Deiola,Cagliari,20,979,0,1,0.50,0.36,0.05,0.03,3,2018
396,Sebastiano Luperto,Parma Calcio 1913,12,718,0,0,0.03,0.00,0.0,0.0,3,2018
397,Lorenzo Ariaudo,Napoli,19,1686,0,0,0.55,0.54,0.03,0.03,3,2018
398,Alejandro Rodriguez,Frosinone,1,24,0,0,0.13,0.00,0.48,0.0,3,2018
399,Ionut Radu,Empoli,33,2970,0,0,0.00,0.09,0.0,0.0,3,2018
400,Pierluigi Gollini,Atalanta,20,1800,0,0,0.00,0.02,0.0,0.0,3,2018
401,Mirko Gori,Frosinone,10,311,0,0,0.47,0.07,0.14,0.02,3,2018
402,Danilo Soddimo,Frosinone,10,236,0,1,0.21,0.46,0.08,0.18,3,2018
403,Guido Guerrieri,Lazio,1,90,0,0,0.00,0.00,0.0,0.0,3,2018
404,Alex Meret,Napoli,14,1151,0,0,0.00,0.00,0.0,0.0,3,2018
405,Riccardo Gagliolo,Parma Calcio 1913,34,3046,0,2,1.27,2.39,0.04,0.07,3,2018
406,Antonio Di Gaudio,Parma Calcio 1913,12,715,0,1,1.49,0.33,0.19,0.04,3,2018
407,Martín Cáceres,Juventus,13,930,0,0,0.50,0.01,0.05,0.0,3,2018
408,Marco Tumminello,Lazio,2,6,0,0,0.01,0.00,0.18,0.0,3,2018
409,Pepín,Atalanta,2,77,0,1,0.10,0.23,0.11,0.27,3,2018
410,Sime Vrsaljko,Inter,10,725,0,2,0.03,0.97,0.0,0.12,3,2018
411,Francesco Bardi,Frosinone,3,270,0,0,0.00,0.00,0.0,0.0,3,2018
412,Andrea Favilli,Genoa,6,151,0,2,0.17,0.75,0.1,0.44,3,2018
413,Jacopo Dezi,Parma Calcio 1913,1,90,0,0,0.07,0.00,0.07,0.0,3,2018
414,Simone Edera,Bologna,7,273,0,0,0.68,0.28,0.22,0.09,3,2018
415,Filippo Romagna,Torino,18,1473,0,0,0.33,0.00,0.02,0.0,3,2018
416,Mauricio Lemos,Cagliari,3,184,0,0,0.00,0.00,0.0,0.0,3,2018
417,Marco Andreolli,Sassuolo,11,746,0,0,0.13,0.00,0.02,0.0,3,2018
418,Alban Lafont,Cagliari,34,3016,0,0,0.00,0.27,0.0,0.01,3,2018
419,Salvatore Sirigu,Chievo,36,3169,0,0,0.00,0.02,0.0,0.0,3,2018
420,Valentin Eysseric,Fiorentina,8,353,0,1,0.14,1.34,0.04,0.34,3,2018
421,Koffi Djidji,Torino,17,1386,0,0,0.03,0.00,0.0,0.0,3,2018
422,Kevin Malcuit,Napoli,24,1811,0,2,0.37,2.53,0.02,0.13,3,2018
423,Nicola Dalmonte,Genoa,3,36,0,0,0.15,0.05,0.38,0.13,3,2018
424,Ezequiel Schelotto,Chievo,4,141,0,0,0.03,0.07,0.02,0.05,3,2018
425,Gabriele Moncini,SPAL 2013,1,7,0,0,0.00,0.05,0.0,0.62,3,2018
426,Alessio Cragno,Cagliari,38,3420,0,0,0.00,0.02,0.0,0.0,3,2018
427,Darwin Machís,Udinese,13,444,0,1,1.07,0.90,0.22,0.18,3,2018
428,Lucas Piazon,Chievo,4,77,0,0,0.16,0.01,0.19,0.01,3,2018
429,Alberto Cerri,Cagliari,15,664,0,0,1.78,1.15,0.24,0.16,3,2018
430,Bartosz Bereszynski,Sampdoria,27,2196,0,2,0.27,0.64,0.01,0.03,3,2018
431,Lorenco Simic,SPAL 2013,8,231,0,0,0.77,0.59,0.3,0.23,3,2018
432,Orji Okwonkwo,Bologna,8,245,0,0,0.43,0.10,0.16,0.04,3,2018
433,Andrea Beghetto,Frosinone,27,2229,0,3,0.94,3.89,0.04,0.16,3,2018
434,Francesco Rossi,Atalanta,1,1,0,0,0.00,0.00,0.0,0.0,3,2018
435,Sofian Kiyine,Chievo,23,797,0,1,0.71,0.75,0.08,0.08,3,2018
436,Grigoris Kastanos,Juventus,1,62,0,0,0.00,0.00,0.0,0.0,3,2018
437,Luca Pellegrini,Cagliari,16,1102,0,2,0.03,1.25,0.0,0.1,3,2018
438,Juan Manuel Valencia,Roma,1,27,0,0,0.02,0.00,0.07,0.0,3,2018
439,Riza Durmisi,Bologna,10,309,0,1,0.16,0.80,0.05,0.23,3,2018
440,Nicolás Schiappacase,Parma Calcio 1913,3,82,0,0,0.03,0.00,0.03,0.0,3,2018
441,Dalbert,Inter,11,779,0,1,0.15,1.06,0.02,0.12,3,2018
442,Yann Karamoh,Inter,1,4,0,0,0.00,0.00,0.0,0.0,3,2018
443,Carlo Pinsoglio,Juventus,1,90,0,0,0.00,0.00,0.0,0.0,3,2018
444,Vanja Milinkovic-Savic,SPAL 2013,2,165,0,0,0.00,0.00,0.0,0.0,3,2018
445,Vitor Hugo,Fiorentina,30,2466,0,3,0.79,0.90,0.03,0.03,3,2018
446,Manuel Lazzari,SPAL 2013,33,2851,0,8,1.43,6.03,0.05,0.19,3,2018
447,Pasquale Schiattarella,SPAL 2013,28,1847,0,4,0.54,1.80,0.03,0.09,3,2018
448,Giacomo Poluzzi,SPAL 2013,1,3,0,0,0.00,0.00,0.0,0.0,3,2018
449,Amato Ciciretti,Parma Calcio 1913,6,134,0,0,0.07,0.09,0.05,0.06,3,2018
450,Stephane Omeonga,Genoa,3,52,0,0,0.00,0.12,0.0,0.21,3,2018
451,Antonin Barak,Udinese,8,322,0,0,0.18,0.19,0.05,0.05,3,2018
452,Svante Ingelsson,Udinese,3,91,0,0,0.05,0.00,0.05,0.0,3,2018
453,Mehdi Leris,Chievo,23,1616,0,2,1.80,0.92,0.1,0.05,3,2018
454,Mattia Bani,Chievo,30,2613,0,0,1.11,0.94,0.04,0.03,3,2018
455,Pawel Jaroszynski,Chievo,19,1355,0,0,0.17,1.52,0.01,0.1,3,2018
456,Esteban Rolón,Genoa,19,1028,0,0,0.81,0.48,0.07,0.04,3,2018
457,Marvin Zeegelaar,Udinese,12,957,0,0,0.06,0.20,0.01,0.02,3,2018
458,Joachim Andersen,Sampdoria,32,2880,0,1,0.82,0.67,0.03,0.02,3,2018
459,Bruno Jordao,Lazio,3,85,0,0,0.01,0.02,0.01,0.02,3,2018
460,Rick Karsdorp,Roma,11,596,0,1,0.00,0.27,0.0,0.04,3,2018
461,Pedro Neto,Lazio,4,39,0,0,0.03,0.04,0.07,0.1,3,2018
462,Vincenzo Millico,Torino,1,1,0,0,0.00,0.00,0.0,0.0,3,2018
463,Everton Luiz,SPAL 2013,10,304,0,0,0.03,0.00,0.01,0.0,3,2018
464,Charalampos Lykogiannis,Cagliari,11,831,0,1,0.18,1.12,0.02,0.12,3,2018
465,Iuri Medeiros,Genoa,2,114,0,0,0.12,0.13,0.09,0.1,3,2018
466,Riccardo Sottil,Fiorentina,2,16,0,0,0.08,0.00,0.44,0.0,3,2018
467,Dejan Kulusevski,Atalanta,3,104,0,0,0.09,0.00,0.08,0.0,3,2018
468,Strahinja Tanasijevic,Chievo,1,17,0,0,0.05,0.00,0.27,0.0,3,2018
469,Adrian Semper,Chievo,6,540,0,0,0.00,0.00,0.0,0.0,3,2018
470,Silvio Proto,Lazio,2,180,0,0,0.00,0.00,0.0,0.0,3,2018
471,Bremer,Torino,5,180,0,0,0.01,0.04,0.01,0.02,3,2018
472,Vitalie Damascan,Torino,1,1,0,0,0.00,0.00,0.0,0.0,3,2018
473,Robin Olsen,Roma,27,2430,0,0,0.00,0.06,0.0,0.0,3,2018
474,Ante Coric,Roma,2,22,0,0,0.01,0.00,0.03,0.0,3,2018
475,Iván Marcano,Roma,10,810,0,0,0.10,0.66,0.01,0.07,3,2018
476,Nehuén Paz,Bologna,2,113,0,0,0.00,0.00,0.0,0.0,3,2018
477,Mattias Svanberg,Bologna,23,1168,0,3,1.02,1.28,0.08,0.1,3,2018
478,Lorenzo Dickmann,SPAL 2013,6,169,0,0,0.11,0.00,0.06,0.0,3,2018
479,Pietro Terracciano,Empoli,10,900,0,0,0.00,0.00,0.0,0.0,3,2018
480,Jacob Rasmussen,Empoli,14,1011,0,1,0.14,0.12,0.01,0.01,3,2018
481,Ismael Bennacer,Empoli,37,2958,0,5,0.56,2.30,0.02,0.07,3,2018
482,Ivan Provedel,Empoli,16,1440,0,0,0.00,0.11,0.0,0.01,3,2018
483,Joel Untersee,Empoli,3,119,0,0,0.00,0.00,0.0,0.0,3,2018
484,Filip Bradaric,Cagliari,27,1494,0,2,0.34,0.57,0.02,0.03,3,2018
485,Simone Iacoponi,Parma Calcio 1913,38,3355,0,0,0.79,0.67,0.02,0.02,3,2018
486,Leo Stulac,Parma Calcio 1913,26,1451,0,2,0.66,1.94,0.04,0.12,3,2018
487,Pierluigi Frattali,Parma Calcio 1913,1,90,0,0,0.00,0.00,0.0,0.0,3,2018
488,Alessio Da Cruz,Parma Calcio 1913,3,138,0,0,0.05,0.00,0.03,0.0,3,2018
489,William Troost-Ekong,Udinese,35,3070,0,0,0.35,0.36,0.01,0.01,3,2018
490,Felipe Vizeu,Udinese,5,24,0,0,0.02,0.03,0.07,0.11,3,2018
491,Hidde ter Avest,Udinese,13,998,0,1,0.15,0.33,0.01,0.03,3,2018
492,Nicholas Opoku,Udinese,12,913,0,0,0.25,0.02,0.02,0.0,3,2018
493,Giangiacomo Magnani,Sassuolo,19,1516,0,1,0.16,0.18,0.01,0.01,3,2018
494,Leonardo Sernicola,Sassuolo,1,1,0,0,0.00,0.00,0.0,0.0,3,2018
495,Jens Odgaard,Sassuolo,1,14,0,0,0.00,0.00,0.0,0.0,3,2018
496,Matteo Pessina,Atalanta,12,225,0,1,0.05,0.33,0.02,0.13,3,2018
497,Arkadiusz Reca,Atalanta,3,43,0,0,0.00,0.43,0.0,0.9,3,2018
498,Luca Matarese,Frosinone,2,12,0,0,0.00,0.00,0.0,0.0,3,2018
499,Nicolò Brighenti,Frosinone,11,990,0,0,0.30,0.13,0.03,0.01,3,2018
500,Francisco Sierralta,Parma Calcio 1913,6,263,0,0,0.03,0.60,0.01,0.2,3,2018
501,Darijo Srna,Cagliari,26,2091,0,3,0.56,3.00,0.02,0.13,3,2018
502,Christian Nørgaard,Fiorentina,6,331,0,0,0.00,0.11,0.0,0.03,3,2018
503,Dusan Vlahovic,Fiorentina,10,142,0,0,1.45,0.14,0.92,0.09,3,2018
504,Tòfol Montiel,Fiorentina,1,2,0,0,0.03,0.39,1.14,17.62,3,2018
505,David Hancko,Fiorentina,5,283,0,0,0.29,0.10,0.09,0.03,3,2018
506,Joaquín Ardáiz,Frosinone,1,17,0,0,0.00,0.00,0.0,0.0,3,2018
507,Gabriele Corbo,Bologna,1,4,0,0,0.00,0.00,0.0,0.0,3,2018
508,Koray Günter,Genoa,14,824,0,0,0.14,0.54,0.02,0.06,3,2018
509,Juan Musso,Udinese,29,2610,0,0,0.00,0.03,0.0,0.0,3,2018
510,Omar Colley,Sampdoria,21,1765,0,0,0.49,0.18,0.02,0.01,3,2018
511,Ronaldo Vieira,Sampdoria,14,589,0,0,0.35,0.17,0.05,0.03,3,2018
512,Mauro Burruchaga,Chievo,1,58,0,0,0.01,0.00,0.02,0.0,3,2018
513,Júnior Tavares,Sampdoria,3,187,0,0,0.01,0.32,0.01,0.16,3,2018
514,Sergej Grubac,Chievo,3,158,0,0,0.33,0.06,0.19,0.03,3,2018
515,Valon Berisha,Lazio,8,185,0,0,0.02,0.38,0.01,0.19,3,2018
516,Rai Vloet,Frosinone,5,116,0,0,0.19,0.17,0.15,0.14,3,2018
517,Ben Wilmot,Udinese,5,193,0,0,0.02,0.06,0.01,0.03,3,2018
518,Petar Micin,Udinese,1,2,0,0,0.00,0.00,0.0,0.0,3,2018
519,Matteo Scozzarella,Parma Calcio 1913,22,1479,0,3,0.18,2.27,0.01,0.14,3,2018
520,Musa Juwara,Chievo,1,10,0,0,0.00,0.00,0.0,0.0,3,2018
521,Riccardo Doratiotto,Cagliari,1,81,0,0,0.00,0.00,0.0,0.0,3,2018
522,Zan Celar,Roma,1,4,0,0,0.00,0.00,0.0,0.0,3,2018
523,Francesco Verde,Cagliari,1,9,0,0,0.00,0.00,0.0,0.0,3,2018
524,Abdou Diakhate,Parma Calcio 1913,1,1,0,0,0.00,0.00,0.0,0.0,3,2018
525,Roberto Piccoli,Atalanta,2,44,0,0,0.21,0.00,0.43,0.0,3,2018
526,Jandrei,Genoa,1,90,0,0,0.00,0.00,0.0,0.0,3,2018
527,Dimitri Oberlin,Empoli,5,130,0,0,0.00,0.08,0.0,0.06,3,2018
528,Dimitris Nikolaou,Empoli,4,351,0,0,0.00,0.00,0.0,0.0,3,2018
529,Kiril Despodov,Cagliari,4,96,0,0,0.00,0.00,0.0,0.0,3,2018
